job_id,title,category,city,region,postal_code,country,pay_min,pay_max,pay_unit,currency,employment_type,schedule,date_posted,valid_through,apply_url,summary,duties,requirements
NL-1001,Store Team Member,store-teams,Atlanta,GA,30303,US,15.00,17.50,HOUR,USD,PART_TIME,"Early, mid or late shifts, posted two weeks ahead",2026-10-01,2026-12-31,https://apply.example.com/northline/NL-1001,"Run the register and coffee bar, restock shelves and coolers, and keep the store clean and safe.","Serve customers at the register and coffee bar|Restock shelves, coolers and the fuel island|Keep the store clean, inside and out","No experience needed, paid training provided|Able to stand for a full shift and lift up to 40 lb|Available at least two weekend shifts a month"
NL-1002,Food Service Team Member,food-service,Atlanta,GA,30303,US,15.50,18.00,HOUR,USD,FULL_TIME,"Early shifts, typically 5am to 1:30pm",2026-10-01,2026-12-31,https://apply.example.com/northline/NL-1002,"Cook made-to-order breakfast and lunch from a short menu, with food safety and speed coming first.",Prepare menu items to recipe and on time|Follow food safety and cleaning routines|Keep the kitchen stocked during the rush,"Kitchen experience helps but is not required|Food handler card within 30 days, we help you get it|Comfortable with early starts"
NL-1003,Shift Lead,store-leadership,Atlanta,GA,30303,US,18.00,20.50,HOUR,USD,FULL_TIME,"Opening or closing shifts, five days a week",2026-10-01,2026-12-31,https://apply.example.com/northline/NL-1003,"Run the store during your shift: lead the team, handle cash, solve customer problems and open or close the store.",Lead a team of three to six on each shift|Count cash and complete opening or closing routines|Coach new team members during their first weeks,"Six months of retail, food or team lead experience|At least 18 years old|Weekend availability"
NL-1004,Store Team Member,store-teams,Macon,GA,31201,US,15.00,17.50,HOUR,USD,PART_TIME,"Early, mid or late shifts, posted two weeks ahead",2026-10-01,2026-12-31,https://apply.example.com/northline/NL-1004,"Run the register and coffee bar, restock shelves and coolers, and keep the store clean and safe.","Serve customers at the register and coffee bar|Restock shelves, coolers and the fuel island|Keep the store clean, inside and out","No experience needed, paid training provided|Able to stand for a full shift and lift up to 40 lb|Available at least two weekend shifts a month"
NL-1005,Food Service Team Member,food-service,Macon,GA,31201,US,15.50,18.00,HOUR,USD,FULL_TIME,"Early shifts, typically 5am to 1:30pm",2026-10-01,2026-12-31,https://apply.example.com/northline/NL-1005,"Cook made-to-order breakfast and lunch from a short menu, with food safety and speed coming first.",Prepare menu items to recipe and on time|Follow food safety and cleaning routines|Keep the kitchen stocked during the rush,"Kitchen experience helps but is not required|Food handler card within 30 days, we help you get it|Comfortable with early starts"
NL-1006,Store Team Member,store-teams,Savannah,GA,31401,US,15.00,17.50,HOUR,USD,PART_TIME,"Early, mid or late shifts, posted two weeks ahead",2026-10-01,2026-12-31,https://apply.example.com/northline/NL-1006,"Run the register and coffee bar, restock shelves and coolers, and keep the store clean and safe.","Serve customers at the register and coffee bar|Restock shelves, coolers and the fuel island|Keep the store clean, inside and out","No experience needed, paid training provided|Able to stand for a full shift and lift up to 40 lb|Available at least two weekend shifts a month"
NL-1007,Food Service Team Member,food-service,Savannah,GA,31401,US,15.50,18.00,HOUR,USD,FULL_TIME,"Early shifts, typically 5am to 1:30pm",2026-10-01,2026-12-31,https://apply.example.com/northline/NL-1007,"Cook made-to-order breakfast and lunch from a short menu, with food safety and speed coming first.",Prepare menu items to recipe and on time|Follow food safety and cleaning routines|Keep the kitchen stocked during the rush,"Kitchen experience helps but is not required|Food handler card within 30 days, we help you get it|Comfortable with early starts"
NL-1008,Shift Lead,store-leadership,Savannah,GA,31401,US,18.00,20.50,HOUR,USD,FULL_TIME,"Opening or closing shifts, five days a week",2026-10-01,2026-12-31,https://apply.example.com/northline/NL-1008,"Run the store during your shift: lead the team, handle cash, solve customer problems and open or close the store.",Lead a team of three to six on each shift|Count cash and complete opening or closing routines|Coach new team members during their first weeks,"Six months of retail, food or team lead experience|At least 18 years old|Weekend availability"
NL-1009,Store Team Member,store-teams,Jacksonville,FL,32202,US,15.50,18.00,HOUR,USD,PART_TIME,"Early, mid or late shifts, posted two weeks ahead",2026-10-01,2026-12-31,https://apply.example.com/northline/NL-1009,"Run the register and coffee bar, restock shelves and coolers, and keep the store clean and safe.","Serve customers at the register and coffee bar|Restock shelves, coolers and the fuel island|Keep the store clean, inside and out","No experience needed, paid training provided|Able to stand for a full shift and lift up to 40 lb|Available at least two weekend shifts a month"
NL-1010,Food Service Team Member,food-service,Jacksonville,FL,32202,US,16.00,18.50,HOUR,USD,FULL_TIME,"Early shifts, typically 5am to 1:30pm",2026-10-01,2026-12-31,https://apply.example.com/northline/NL-1010,"Cook made-to-order breakfast and lunch from a short menu, with food safety and speed coming first.",Prepare menu items to recipe and on time|Follow food safety and cleaning routines|Keep the kitchen stocked during the rush,"Kitchen experience helps but is not required|Food handler card within 30 days, we help you get it|Comfortable with early starts"
NL-1011,Store Team Member,store-teams,Orlando,FL,32801,US,15.50,18.00,HOUR,USD,PART_TIME,"Early, mid or late shifts, posted two weeks ahead",2026-10-01,2026-12-31,https://apply.example.com/northline/NL-1011,"Run the register and coffee bar, restock shelves and coolers, and keep the store clean and safe.","Serve customers at the register and coffee bar|Restock shelves, coolers and the fuel island|Keep the store clean, inside and out","No experience needed, paid training provided|Able to stand for a full shift and lift up to 40 lb|Available at least two weekend shifts a month"
NL-1012,Food Service Team Member,food-service,Orlando,FL,32801,US,16.00,18.50,HOUR,USD,FULL_TIME,"Early shifts, typically 5am to 1:30pm",2026-10-01,2026-12-31,https://apply.example.com/northline/NL-1012,"Cook made-to-order breakfast and lunch from a short menu, with food safety and speed coming first.",Prepare menu items to recipe and on time|Follow food safety and cleaning routines|Keep the kitchen stocked during the rush,"Kitchen experience helps but is not required|Food handler card within 30 days, we help you get it|Comfortable with early starts"
NL-1013,Shift Lead,store-leadership,Orlando,FL,32801,US,18.50,21.00,HOUR,USD,FULL_TIME,"Opening or closing shifts, five days a week",2026-10-01,2026-12-31,https://apply.example.com/northline/NL-1013,"Run the store during your shift: lead the team, handle cash, solve customer problems and open or close the store.",Lead a team of three to six on each shift|Count cash and complete opening or closing routines|Coach new team members during their first weeks,"Six months of retail, food or team lead experience|At least 18 years old|Weekend availability"
NL-1014,Store Team Member,store-teams,Dallas,TX,75201,US,15.75,18.25,HOUR,USD,PART_TIME,"Early, mid or late shifts, posted two weeks ahead",2026-10-01,2026-12-31,https://apply.example.com/northline/NL-1014,"Run the register and coffee bar, restock shelves and coolers, and keep the store clean and safe.","Serve customers at the register and coffee bar|Restock shelves, coolers and the fuel island|Keep the store clean, inside and out","No experience needed, paid training provided|Able to stand for a full shift and lift up to 40 lb|Available at least two weekend shifts a month"
NL-1015,Food Service Team Member,food-service,Dallas,TX,75201,US,16.25,18.75,HOUR,USD,FULL_TIME,"Early shifts, typically 5am to 1:30pm",2026-10-01,2026-12-31,https://apply.example.com/northline/NL-1015,"Cook made-to-order breakfast and lunch from a short menu, with food safety and speed coming first.",Prepare menu items to recipe and on time|Follow food safety and cleaning routines|Keep the kitchen stocked during the rush,"Kitchen experience helps but is not required|Food handler card within 30 days, we help you get it|Comfortable with early starts"
NL-1016,Store Team Member,store-teams,Houston,TX,77002,US,15.75,18.25,HOUR,USD,PART_TIME,"Early, mid or late shifts, posted two weeks ahead",2026-10-01,2026-12-31,https://apply.example.com/northline/NL-1016,"Run the register and coffee bar, restock shelves and coolers, and keep the store clean and safe.","Serve customers at the register and coffee bar|Restock shelves, coolers and the fuel island|Keep the store clean, inside and out","No experience needed, paid training provided|Able to stand for a full shift and lift up to 40 lb|Available at least two weekend shifts a month"
NL-1017,Food Service Team Member,food-service,Houston,TX,77002,US,16.25,18.75,HOUR,USD,FULL_TIME,"Early shifts, typically 5am to 1:30pm",2026-10-01,2026-12-31,https://apply.example.com/northline/NL-1017,"Cook made-to-order breakfast and lunch from a short menu, with food safety and speed coming first.",Prepare menu items to recipe and on time|Follow food safety and cleaning routines|Keep the kitchen stocked during the rush,"Kitchen experience helps but is not required|Food handler card within 30 days, we help you get it|Comfortable with early starts"
NL-1018,Shift Lead,store-leadership,Houston,TX,77002,US,18.75,21.25,HOUR,USD,FULL_TIME,"Opening or closing shifts, five days a week",2026-10-01,2026-12-31,https://apply.example.com/northline/NL-1018,"Run the store during your shift: lead the team, handle cash, solve customer problems and open or close the store.",Lead a team of three to six on each shift|Count cash and complete opening or closing routines|Coach new team members during their first weeks,"Six months of retail, food or team lead experience|At least 18 years old|Weekend availability"
NL-1019,Warehouse Selector,distribution,Atlanta,GA,30336,US,19.00,22.00,HOUR,USD,FULL_TIME,"Fixed night shift, 10pm to 6:30am, Sunday to Thursday",2026-10-01,2026-12-31,https://apply.example.com/northline/NL-1019,Pick and load store orders in our distribution center using a headset and pallet jack.,Pick orders accurately to the voice system|Build stable pallets for each store|Follow warehouse safety rules,"Able to lift up to 50 lb repeatedly|Pallet jack experience helps, we train|Steady attendance on a fixed shift"
NL-1020,CDL-A Delivery Driver,distribution,Atlanta,GA,30336,US,28.00,32.00,HOUR,USD,FULL_TIME,"Day routes, home every night, four or five days a week",2026-10-01,2026-12-31,https://apply.example.com/northline/NL-1020,"Deliver to Northline stores on regional routes, unload and check in each delivery.",Drive regional routes to 8 to 12 stores a day|Unload and check in deliveries|Complete pre-trip and post-trip inspections,Valid Class A CDL|Clean driving record for the last three years|At least 21 years old
NL-1021,Facilities Technician,maintenance,Dallas,TX,75201,US,26.00,31.00,HOUR,USD,FULL_TIME,"Monday to Friday days, shared on-call rotation",2026-10-01,2026-12-31,https://apply.example.com/northline/NL-1021,"Fix and maintain coolers, kitchen equipment and fuel systems across a region of stores.",Diagnose and repair refrigeration and kitchen equipment|Carry out planned maintenance on fuel equipment|Plan your own daily route between stores,"Two years of HVAC-R or equipment repair experience|EPA 608 certification, or willing to get it|Valid driver's license"
NL-1022,Category Analyst,corporate,Atlanta,GA,30303,US,68000,82000,YEAR,USD,FULL_TIME,"Hybrid, three days a week in the support center",2026-10-01,2026-12-31,https://apply.example.com/northline/NL-1022,Analyze sales by category and help decide what goes on the shelves of every Northline store.,Report weekly category performance|Work with buyers on promotions and new items|Visit stores to see the shelves you plan,Degree or equivalent experience in analytics or retail|Strong spreadsheet skills|Curiosity about why customers buy what they buy
